Symbol,ret_1d,ret_5d,sma_ratio,rsi_14,macd_hist,volatility_10,vol_change,high_low_spread,bb_pct_b,atr_14_norm,obv_roc_5
ADBL,0.08565275423970795,0.13035052296281752,0.10181597307989963,0.08580395462429058,0.08229429117569662,0.08867994174080263,0.06810565841503703,0.08053844548236255,0.09349129979483228,0.07358271507844906,0.10968444340610413
CHCL,0.07669669573366637,0.07104066419164014,0.0972849920310935,0.10855783994114288,0.09530831286187687,0.1108780323453187,0.09714667333509555,0.07912181809765019,0.07084558104578281,0.09030624526304983,0.10281314515368305
HBL,0.07360566666512525,0.11820985001849925,0.0746212201954776,0.09221360569653791,0.10739819938232138,0.05858359079760947,0.06457647598598787,0.09307692699059057,0.15890762798879454,0.07672960892572295,0.08207722735333325
NABIL,0.061315653493669596,0.09770859926135839,0.08487246556329593,0.07230459671629372,0.09262931967331482,0.08014644196946237,0.07901510268907673,0.07564692952146695,0.06871613864976107,0.17985804167978608,0.10778671078251437
NICA,0.07406571782491508,0.08383379627001324,0.09514349752324318,0.07275293818444971,0.0837658878797683,0.0823680868048102,0.06430972972257414,0.09571975138835699,0.10324579767315398,0.10768451981308035,0.13711027691563485
NIFRA,0.11553296774773424,0.09008489192215183,0.09900067217802334,0.09402426698779937,0.08332818369354399,0.08731991703815058,0.07206788757132886,0.08566574830218741,0.07912595364684115,0.1046613995239081,0.08918811138833121
NLIC,0.09985107785531505,0.08697231163916436,0.09352240962247281,0.08705022603369236,0.07736432204284045,0.07785979500426164,0.09253613118024472,0.08211745798478547,0.11041204769358601,0.06459092920506004,0.12772329173857713
NTC,0.0977389029948722,0.09162310754371733,0.08109008035980773,0.06201864249046489,0.06538894496264529,0.07132120700581455,0.08196997149197227,0.1832423976639594,0.09852276851647815,0.08445838125081567,0.08262559571945266
SHIVM,0.09342348786166814,0.07900489661163632,0.07400044899391266,0.07552628708440384,0.07050400005433916,0.11024578083674645,0.12155202053776944,0.07968285928010362,0.08495609248999869,0.08837820034691454,0.12272592590250714
UPPER,0.07236425612469326,0.07714519393931543,0.06951666260507157,0.08816045767057033,0.08705532065107714,0.10570021725405235,0.06601866338318459,0.13061295043291538,0.06820617721904768,0.10306340769716059,0.13215669302291166
